,MSE,RMSE,MAE,R2
Bayesian Ridge Regression,0.005001870719415752,0.07072390486543961,0.046813990113137395,0.6664313083869426
Linear Regression,0.004964132954299291,0.07045660334063296,0.046904835748731805,0.6689479941712104
