,MSE,RMSE,MAE,R2
Bayesian Ridge Regression,0.005001869923317668,0.07072389923722863,0.04681385963167079,0.6664313614777584
Linear Regression,0.004964132371876322,0.07045659920742926,0.04690467988013604,0.6689480330122919
