,Bayesian Ridge Regression,Linear Regression
Mean RMSE,0.10659466856055835,0.10803819676907038
Std RMSE,0.07641165626657183,0.08080892431314582
