,Bayesian Ridge Regression,Linear Regression
Mean RMSE,0.10659466855991477,0.10803819676798912
Std RMSE,0.0764116562729544,0.08080892432094576
