,Bayesian Ridge Regression,Linear Regression
Mean RMSE,0.10655857646045996,0.10798579364611186
Std RMSE,0.07665559814062216,0.08078914902758647
